Workbook
Name BAB: Características!$K$31
Name CHA_MOD: Características!$E$22
Name Class: Características!$A$3
Name Class1: Características!$A$3
Name Class2: Características!$A$7
Name Class3: Características!$A$9
Name CON_MOD: Características!$E$16
Name DES_MAX: Equipamiento!$H$10
Name DES_MÁX.: Equipamiento!$H$10
Name DEX_MOD: Características!$E$14
Name HD: Características!$M$16
Name HDLVL: Características!$K$3
Name HDT: Características!$Q$16
Name INT_MOD: Características!$E$18
Name LVL: Características!$I$3
Name LVL_2: Características!$E$7
Name LVL_3: Características!$E$9
Name LVLADJ: Características!$M$3
Name SIZE: Características!$A$5
Name SIZE_MOD: Características!$W$14
Name SPB: Características!$X$17
Name SPBT: Características!$Y$17
Name SpellClass: Equipamiento!$U$51
Name STR_MOD: Características!$E$12
Name Type: Características!$E$3
Name WIS_MOD: Características!$E$20

Sheet Características
A2: NOMBRE DE PERSONAJE | K2: JUGADOR
T3: -
A4: Clase 1ria | E4: TIPO | I4: Nivel 1rio | K4: TIPO Nivel | M4: Ajuste lvl | O4: RAZA | S4: ALINEAMIENTO | W4: DEIDAD
A6: TAMAÑO | E6: EDAD | G6: GÉNERO | I6: ALTURA | K6: PESO | O6: OJOS | S6: PELO | W6: PIEL
AB8: Cavar | AE8: → | AH8: CASILLAS | AM8: CASILLAS CORRIENDO
AB9: Trepar | AE9: → | AH9: CASILLAS | AM9: CASILLAS CORRIENDO
AB10: Nadar | AE10: → | AH10: CASILLAS | AM10: CASILLAS CORRIENDO
A11: NOMBRE CARACT. | C11: PUNTOS CARCT. | E11: MODIFIC. CARACT. | G11: PUNTOS TEMPORALES | I11: MODIFIC. TEMPORAL | M11: TOTAL | O11: HERIDAS | S11: / | T11: PV RESTANTES | Y11: DAÑO NO LETAL | AB11: Vuelo | AE11: → | AH11: CASILLAS | AM11: CASILLAS CORRIENDO
A12: FUE | D12: = | H12: = | K12: PV | S12: / | AB12: Terrestre | AE12: → | AH12: CASILLAS | AM12: CASILLAS CORRIENDO
A14: DES | D14: = | H14: = | K14: CA | N14: = | P14: + | R14: + | T14: + | V14: + | X14: + | Z14: + | AC14: + | AF14: REDUCCIÓN AL DAÑO
O15: BASE | Q15: Bonus Armadura | S15: Bonus escudo | U15: Mod. Destreza | W15: Modificador Tamaño | Y15: Armadura Natural | AA15: Modificador Desvio | AC15: Modificiador Miscelanea
A16: CON | D16: = | H16: = | K16: DG Clase | O16: DG Tipo
U17: Puntos habilidad base | Z17: HABILIDADES
A18: INT | D18: = | H18: = | K18: TOQUE | O18: DESPREVENIDO | U18: Puntos totales | X18: 0
U19: HABILIDAD CLASICA X / BLANK | V19: NOMBRE DE HABILIDAD | AA19: HABILID. CLAVE | AB19: TOTAL | AD19: Modificadores Habilidad | AF19: RANGOS | AH19: Modificadores Miscelanea
A20: SAB | D20: = | H20: = | K20: INICIATIVA | P20: = | R20: + | V20: ABRIR CERRADURAS | AA20: DES | AC20: = | AE20: + | AG20: + | AJ20: +
O21: TOTAL | Q21: DEX MODIFIER | S21: MISC MODIFIER | V21: ARTE ( | X21: Herrería | Z21: ) | AA21: INT | AC21: = | AE21: + | AG21: + | AJ21: +
A22: CAR | D22: = | H22: = | V22: ARTE ( | Z22: ) | AA22: INT | AC22: = | AE22: + | AG22: + | AJ22: +
A23: Total | C23: 0 | D23: = | E23: 0 base | V23: ARTE ( | Z23: ) | AA23: INT | AC23: = | AE23: + | AG23: + | AJ23: +
A24: Tiros de Salvación | E24: TOTAL | G24: SALVACIÓN BASE | I24: MODIFIC. HABILIDAD | K24: MODIFIC. MÁGICO | M24: MODIFIC. MISC. | O24: MODIFIC. TEMPORAL | Q24: MODIFICADOR CONDICIONAL | V24: AVERIGUAR INTENCIONES | AA24: SAB | AC24: = | AE24: + | AG24: + | AJ24: +
A25: FORTALEZA | F25: = | H25: + | J25: + | L25: + | N25: + | P25: + | V25: AVISTAR | AA25: SAB | AC25: = | AE25: + | AG25: + | AJ25: +
I26: Constitución | V26: BUSCAR | AA26: INT | AC26: = | AE26: + | AG26: + | AJ26: +
A27: REFLEJOS | F27: = | H27: + | J27: + | L27: + | N27: + | P27: + | V27: CONCENTRACIÓN | AA27: CON | AC27: = | AE27: + | AG27: + | AJ27: +
I28: Destreza | V28: CONOCIMIENTO DE CONJ. | AA28: INT | AC28: = | AE28: + | AG28: + | AI28: =ROUNDDOWN((AF49/5*2),0)+ROUNDDOWN((AF66/5*2),0) -> 0 | AJ28: +
A29: VOLUNTAD | F29: = | H29: + | J29: + | L29: + | N29: + | P29: + | V29: DESCIFRAR ESCRITURA | AA29: INT | AC29: = | AE29: + | AG29: + | AJ29: +
I30: Sabiduría | V30: DIPLOMACIA | AA30: CAR | AC30: = | AE30: + | AG30: + | AI30: =ROUNDDOWN((AF24/5*2),0)+ROUNDDOWN((AF32/5*2),0)+ROUNDDOWN((AF57/5*2),0) -> 0 | AJ30: +
A31: ATAQUE BASE | M31: RESISTENCIA CONJUROS | V31: DISFRAZARSE | AA31: CAR | AC31: = | AE31: + | AG31: + | AJ31: +
V32: ENGAÑAR | AA32: CAR | AC32: = | AE32: + | AG32: + | AJ32: +
E33: TOTAL | G33: ATAQUE BASE BONUS | K33: MODIFIC. HABILIDAD | M33: MODIFIC TAMAÑO | O33: MODIFIC. MISCELAN. | V33: EQUILIBRIO | AA33: DES* | AC33: = | AE33: + | AG33: + | AI33: =ROUNDDOWN((AF47/5*2),0) -> 0 | AJ33: + | AK33: =MIN(IF(Equipamiento!B54>Equipamiento!B56,Tablas!H293,-Equipamiento!A12-Equipamiento!H15),IF(Equipamiento!B54>Equipamiento!B57,Tablas!H294,Equipamiento!A12-Equipamiento!H15),-Equipamiento!A12-Equipamiento!H15) -> 0
A34: FUERZA | F34: = | J34: + | L34: + | N34: + | V34: ESCAPISMO | AA34: DES* | AC34: = | AE34: + | AG34: + | AJ34: + | AK34: =MIN(IF(Equipamiento!B54>Equipamiento!B56,Tablas!H293,-Equipamiento!A12-Equipamiento!H15),IF(Equipamiento!B54>Equipamiento!B57,Tablas!H294,Equipamiento!A12-Equipamiento!H15),-Equipamiento!A12-Equipamiento!H15) -> 0
K35: Fuerza | V35: ESCONDERSE | AA35: DES* | AC35: = | AE35: + | AG35: + | AJ35: + | AK35: =MIN(IF(Equipamiento!B54>Equipamiento!B56,Tablas!H293,-Equipamiento!A12-Equipamiento!H15),IF(Equipamiento!B54>Equipamiento!B57,Tablas!H294,Equipamiento!A12-Equipamiento!H15),-Equipamiento!A12-Equipamiento!H15)+VLOOKUP(SIZE,Tablas!$A$59:$I$67,9,FALSE()) -> #N/A
A36: DESTREZA | F36: = | J36: + | L36: + | N36: + | V36: ESCUCHAR | AA36: SAB | AC36: = | AE36: + | AG36: + | AJ36: +
K37: Destreza | V37: FALSIFICAR | AA37: INT | AC37: = | AE37: + | AG37: + | AJ37: +
A38: PRESA | F38: = | J38: + | L38: + | N38: + | V38: INTERPRETAR (_________) | AA38: CAR | AC38: = | AE38: + | AG38: + | AJ38: +
K39: Fuerza | V39: INTERPRETAR (_________) | AA39: CAR | AC39: = | AE39: + | AG39: + | AJ39: +
V40: INTERPRETAR (_________) | AA40: CAR | AC40: = | AE40: + | AG40: + | AJ40: +
V41: INTIMIDAR | AA41: CAR | AC41: = | AE41: + | AG41: + | AJ41: +
A42: ARMA | G42: ATAQUE | J42: DAÑO | O42: CRITICO | V42: INUTILIZAR MECANISMO | AA42: INT | AC42: = | AE42: + | AG42: + | AJ42: +
V43: JUEGO DE MANOS | AA43: DES | AC43: = | AE43: + | AG43: + | AI43: =ROUNDDOWN((AF32/5*2),0) -> 0 | AJ43: + | AK43: =MIN(IF(Equipamiento!B54>Equipamiento!B56,Tablas!H293,-Equipamiento!A12-Equipamiento!H15),IF(Equipamiento!B54>Equipamiento!B57,Tablas!H294,Equipamiento!A12-Equipamiento!H15),-Equipamiento!A12-Equipamiento!H15) -> 0
V44: MONTAR (_____________) | AA44: DES | AC44: = | AE44: + | AG44: + | AI44: =ROUNDDOWN((AF64/5*2),0) -> 0 | AJ44: +
A45: RANGO | D45: TIPO | G45: NOTAS | S45: PESO | V45: MOVERSE SIGILOSAMENTE | AA45: DES* | AC45: = | AE45: + | AG45: + | AJ45: + | AK45: =MIN(IF(Equipamiento!B54>Equipamiento!B56,Tablas!H293,-Equipamiento!A12-Equipamiento!H15),IF(Equipamiento!B54>Equipamiento!B57,Tablas!H294,Equipamiento!A12-Equipamiento!H15),-Equipamiento!A12-Equipamiento!H15) -> 0
V46: NADAR | AA46: FUE* | AC46: = | AE46: + | AG46: + | AJ46: + | AK46: =(MIN(IF(Equipamiento!B54>Equipamiento!B56,Tablas!H293,-Equipamiento!A12-Equipamiento!H15),IF(Equipamiento!B54>Equipamiento!B57,Tablas!H294,Equipamiento!A12-Equipamiento!H15),-Equipamiento!A12-Equipamiento!H15))*2 -> 0
V47: PIRUETAS | AA47: DES* | AC47: = | AE47: + | AG47: + | AI47: =ROUNDDOWN((AF59/5*2),0) -> 0 | AJ47: + | AK47: =MIN(IF(Equipamiento!B54>Equipamiento!B56,Tablas!H293,-Equipamiento!A12-Equipamiento!H15),IF(Equipamiento!B54>Equipamiento!B57,Tablas!H294,Equipamiento!A12-Equipamiento!H15),-Equipamiento!A12-Equipamiento!H15) -> 0
A48: MUNICIÓN | V48: REUNIR INFORMACIÓN | AA48: CAR | AC48: = | AE48: + | AG48: + | AI48: =ROUNDDOWN((AF54/5*2),0) -> 0 | AJ48: +
V49: SABER (ARCANO) | AA49: INT | AC49: = | AE49: + | AG49: + | AJ49: +
V50: SABER (ARQUITECTURA) | AA50: INT | AC50: = | AE50: + | AG50: + | AJ50: +
A51: ARMA | G51: ATAQUE | J51: DAÑO | O51: CRITICO | V51: SABER (DUNGEONS) | AA51: INT | AC51: = | AE51: + | AG51: + | AJ51: +
V52: SABER (GEOGRAFÍA) | AA52: INT | AC52: = | AE52: + | AG52: + | AJ52: +
V53: SABER (HISTORIA) | AA53: INT | AC53: = | AE53: + | AG53: + | AJ53: +
A54: RANGO | D54: TIPO | G54: NOTAS | S54: PESO | V54: SABER (LOCAL) | AA54: INT | AC54: = | AE54: + | AG54: + | AJ54: +
V55: SABER (LOS PLANOS) | AA55: INT | AC55: = | AE55: + | AG55: + | AJ55: +
V56: SABER (NATURALEZA) | AA56: INT | AC56: = | AE56: + | AG56: + | AI56: =ROUNDDOWN((AF62/5*2),0) -> 0 | AJ56: +
A57: MUNICIÓN | V57: SABER (NOBLEZA) | AA57: INT | AC57: = | AE57: + | AG57: + | AJ57: +
V58: SABER (RELIGIÓN) | AA58: INT | AC58: = | AE58: + | AG58: + | AJ58: +
V59: SALTAR (ALTURA) | AA59: FUE* | AC59: = | AE59: + | AG59: + | AI59: =ROUNDDOWN((AF47/5*2),0) -> 0 | AJ59: + | AK59: =MIN(IF(Equipamiento!B54>Equipamiento!B56,Tablas!H293,-Equipamiento!A12-Equipamiento!H15),IF(Equipamiento!B54>Equipamiento!B57,Tablas!H294,Equipamiento!A12-Equipamiento!H15),-Equipamiento!A12-Equipamiento!H15) -> 0
A60: ARMA | G60: ATAQUE | J60: DAÑO | O60: CRITICO | V60: SALTAR (DISTANCIA) | AA60: FUE* | AC60: = | AE60: + | AG60: + | AJ60: + | AK60: #ERROR! | AL60: Funciona según la velocidad Terrestre
V61: SANAR | AA61: SAB | AC61: = | AE61: + | AG61: + | AJ61: +
V62: SUPERVIVENCIA | AA62: SAB | AC62: = | AE62: + | AG62: + | AI62: =ROUNDDOWN((AF26/5*2),0) -> 0 | AJ62: +
A63: RANGO | D63: TIPO | G63: NOTAS | S63: PESO | V63: TASACIÓN | AA63: INT | AC63: = | AE63: + | AG63: + | AI63: =ROUNDDOWN((AF21/5*2),0) -> 0 | AJ63: +
V64: TRATO CON ANIMALES | AA64: CAR | AC64: = | AE64: + | AG64: + | AJ64: +
V65: TREPAR | AA65: FUE | AC65: = | AE65: + | AG65: + | AJ65: + | AK65: =MIN(IF(Equipamiento!B54>Equipamiento!B56,Tablas!H293,-Equipamiento!A12-Equipamiento!H15),IF(Equipamiento!B54>Equipamiento!B57,Tablas!H294,Equipamiento!A12-Equipamiento!H15),-Equipamiento!A12-Equipamiento!H15) -> 0
A66: MUNICIÓN | V66: USAR OBJETO MÁGICO | AA66: CAR | AC66: = | AE66: + | AG66: + | AI66: =ROUNDDOWN((AF28/5*2),0)+ROUNDDOWN((AF29/5*2),0) -> 0 | AJ66: +
V67: USO DE CUERDAS | AA67: DES | AC67: = | AE67: + | AG67: + | AI67: =ROUNDDOWN((AF34/5*2),0) -> 0 | AJ67: +
V68: _____________________ | AA68: _____ | AC68: = | AE68: + | AG68: + | AJ68: +
A69: ARMA | G69: ATAQUE | J69: DAÑO | O69: CRITICO
AB70: Total | AC70: 0 | AD70: Falta por subir | AH70: 0
A72: RANGO | D72: TIPO | G72: NOTAS | S72: PESO | AI72: =ROUNDDOWN((AF53/5*2),0) -> 0
AI73: =ROUNDDOWN((AF58/5*2),0) -> 0
A75: MUNICIÓN
AI76: =ROUNDDOWN((AF64/5*2),0) -> 0
A78: ARMA | G78: ATAQUE | J78: DAÑO | O78: CRITICO
A81: RANGO | D81: TIPO | G81: NOTAS | S81: PESO
A84: MUNICIÓN
A88: ARMA | G88: ATAQUE | J88: DAÑO | O88: CRITICO
A91: RANGO | D91: TIPO | G91: NOTAS | S91: PESO
S92: 0
A94: MUNICIÓN

Sheet Equipamiento
A2: Campaña: | O2: DOTES | R2: NIVEL | S2: Aptitudes de Clase Principal | V2: Aptitudes de Clase Secundaria | Y2: Aptitudes de Clase Terciaria | AB2: Aptitudes de Clase De Prestigio | AE2: Aptitudes de Clase Épica
A3: Puntos de experiencia | G3: Exp. Para level up | H3: Nivel Personaje | J3: Nº DE DOTES | R3: 1.º
R5: 2.º
J6: CARACT. ADICIONALES
A7: EQUIPO | R7: 3.º
A9: Armadura/ Obj. Protector | D9: Tipo | E9: Bonif. A la CA | H9: DES MÁX. | R9: 4.º
H10: 6
A11: Penalizador | B11: Fallo Conj. | D11: Velocidad | E11: Peso | G11: Propiedades Especiales | R11: 5.º
R13: 6.º
A14: Escudo/Obj. Protector | D14: Peso | E14: Bonif. A la CA | H14: Penalizador
R15: 7.º
A16: Fallo Conj. | C16: Propiedades Especiales
R17: 8.º
A19: Obj. Protector | D19: Peso | E19: Bonif. A la CA | R19: 9.º
A21: Propiedades Especiales | R21: 10.º
R23: 11.º
A24: Obj. Protector | D24: Peso | E24: Bonif. A la CA
R25: 12.º
A26: Propiedades Especiales | O26: Aptitudes Especiales
R27: 13.º
A29: Otras Posesiones | R29: 14.º
A30: Objeto | B30: Nº | C30: Peso | D30: Objeto | E30: Nº | F30: Peso | G30: Objeto | I30: Nº | J30: Peso | K30: Total 1 | L30: Total 2 | M30: Total 3
G31: Mochila | R31: 15.º | AH31: =MAX(IF(Equipamiento!B54>Equipamiento!B56,Tablas!H293,-Equipamiento!A12-Equipamiento!H15),IF(Equipamiento!B54>Equipamiento!B57,Tablas!H294,Equipamiento!A12-Equipamiento!H15),-Equipamiento!A12-Equipamiento!H15) -> 0
R33: 16.º
R35: 17.º
R37: 18.º
R39: 19.º
R41: 20.º
S46: Salvación Conjuros
U47: MOD. CD | V47: MOD. CARACT.
S49: FALLO CONJ. ARCANO | V49: %
S51: Clase lanzadora de conjuros | U51: -
A54: Peso Total Transportado | O54: Idiomas | S54: Conj. Conocidos | T54: CD Salvación | U54: NIVEL CONJURO | V54: Conjuros diarios | W54: Conjuros adicional
U55: 0 | W55: 0
A56: Carga ligera | D56: Levantar sobre la cabeza (Igual carga máx) | U56: 1.º
A57: Carga media | D57: Levantar del suelo (2x carga máx) | U57: 2.º
A58: Carga pesada | D58: Empujar o arrastrar (5x carga máx) | U58: 3.º
U59: 4.º
A60: DINERO | U60: 5.º
A61: PC | K61: 1 lb por cada 50 monedas | U61: 6.º
A62: PP | U62: 7.º
A63: PO | U63: 8.º
A64: PPT | U64: 9.º

Sheet Conjuros
A3: CONJUROS | C3: Escuelas de Magia
A4: Nivel de conjuros 0 | C4: Abjuración | D4: Adivinación | E4: Conjuración | F4: Encantamiento | G4: Evocación | H4: Ilusión | I4: Nigromancia | J4: Transmutación
A15: Nivel de conjuros 1 | C15: Abjuración | D15: Adivinación | E15: Conjuración | F15: Encantamiento | G15: Evocación | H15: Ilusión | I15: Nigromancia | J15: Transmutación
A26: Nivel de conjuros 2 | C26: Abjuración | D26: Adivinación | E26: Conjuración | F26: Encantamiento | G26: Evocación | H26: Ilusión | I26: Nigromancia | J26: Transmutación
A37: Nivel de conjuros 3 | C37: Abjuración | D37: Adivinación | E37: Conjuración | F37: Encantamiento | G37: Evocación | H37: Ilusión | I37: Nigromancia | J37: Transmutación
A48: Nivel de conjuros 4 | C48: Abjuración | D48: Adivinación | E48: Conjuración | F48: Encantamiento | G48: Evocación | H48: Ilusión | I48: Nigromancia | J48: Transmutación
A59: Nivel de conjuros 5 | C59: Abjuración | D59: Adivinación | E59: Conjuración | F59: Encantamiento | G59: Evocación | H59: Ilusión | I59: Nigromancia | J59: Transmutación
A70: Nivel de conjuros 6 | C70: Abjuración | D70: Adivinación | E70: Conjuración | F70: Encantamiento | G70: Evocación | H70: Ilusión | I70: Nigromancia | J70: Transmutación
A81: Nivel de conjuros 7 | C81: Abjuración | D81: Adivinación | E81: Conjuración | F81: Encantamiento | G81: Evocación | H81: Ilusión | I81: Nigromancia | J81: Transmutación
A92: Nivel de conjuros 8 | C92: Abjuración | D92: Adivinación | E92: Conjuración | F92: Encantamiento | G92: Evocación | H92: Ilusión | I92: Nigromancia | J92: Transmutación
A103: Nivel de conjuros 9 | C103: Abjuración | D103: Adivinación | E103: Conjuración | F103: Encantamiento | G103: Evocación | H103: Ilusión | I103: Nigromancia | J103: Transmutación
A114: Nivel de conjuros 10 | C114: Abjuración | D114: Adivinación | E114: Conjuración | F114: Encantamiento | G114: Evocación | H114: Ilusión | I114: Nigromancia | J114: Transmutación
A125: Nivel de conjuros 12 | C125: Abjuración | D125: Adivinación | E125: Conjuración | F125: Encantamiento | G125: Evocación | H125: Ilusión | I125: Nigromancia | J125: Transmutación
... A192: Nivel de conjuros 20 | C192: Abjuración | D192: Adivinación | E192: Conjuración | F192: Encantamiento | G192: Evocación | H192: Ilusión | I192: Nigromancia | J192: Transmutación

Sheet Tablas
A1: TIPODE DG | B1: Barbaro | C1: Bardo | D1: Clérigo | E1: Druida | F1: Explorador | G1: Guerrero | H1: Hechicero | I1: Mago | J1: Monje | K1: Paladín | L1: Pícaro | M1: -
A2: Salvación de Fortaleza | B2: =INT(2+LVL/2) -> 2 | C2: =INT(0+LVL/3) -> 0 | D2: =INT(2+LVL/2) -> 2 | E2: =INT(2+LVL/2) -> 2 | F2: =INT(2+LVL/2) -> 2 | G2: =INT(2+LVL/2) -> 2 | H2: =INT(0+LVL/3) -> 0 | I2: =INT(0+LVL/3) -> 0 | J2: =INT(2+LVL/2) -> 2 | K2: =INT(2+LVL/2) -> 2 | L2: =INT(0+LVL/3) -> 0
A3: Salvación de Reflejos | B3: =INT(0+LVL/3) -> 0 | C3: =INT(2+LVL/2) -> 2 | D3: =INT(0+LVL/3) -> 0 | E3: =INT(0+LVL/3) -> 0 | F3: =INT(2+LVL/2) -> 2 | G3: =INT(0+LVL/3) -> 0 | H3: =INT(0+LVL/3) -> 0 | I3: =INT(0+LVL/3) -> 0 | J3: =INT(2+LVL/2) -> 2 | K3: =INT(0+LVL/3) -> 0 | L3: =INT(2+LVL/2) -> 2
A4: Salvación de Voluntad | B4: =INT(0+LVL/3) -> 0 | C4: =INT(2+LVL/2) -> 2 | D4: =INT(2+LVL/2) -> 2 | E4: =INT(2+LVL/2) -> 2 | F4: =INT(0+LVL/3) -> 0 | G4: =INT(0+LVL/3) -> 0 | H4: =INT(2+LVL/2) -> 2 | I4: =INT(2+LVL/2) -> 2 | J4: =INT(2+LVL/2) -> 2 | K4: =INT(0+LVL/3) -> 0 | L4: =INT(0+LVL/3) -> 0
A5: Puntos Habilidad Base | B5: 4 | C5: 6 | D5: 2 | E5: 4 | F5: 6 | G5: 2 | H5: 2 | I5: 2 | J5: 4 | K5: 2 | L5: 8
A6: Dado de golpe | B6: 12 | C6: 6 | D6: 8 | E6: 8 | F6: 8 | G6: 10 | H6: 4 | I6: 4 | J6: 8 | K6: 10 | L6: 6
A7: Ataque Base | B7: =INT(LVL*1) -> 0 | C7: =INT(LVL*0.75) -> 0 | D7: =INT(LVL*0.75) -> 0 | E7: =INT(LVL*0.75) -> 0 | F7: =INT(LVL*1) -> 0 | G7: =INT(LVL*1) -> 0 | H7: =INT(LVL*0.5) -> 0 | I7: =INT(LVL*0.5) -> 0 | J7: =INT(LVL*0.75) -> 0 | K7: =INT(LVL*1) -> 0 | L7: =INT(LVL*0.75) -> 0
B8: BUENO | C8: REGULAR | D8: REGULAR | E8: REGULAR | F8: BUENO | G8: BUENO | H8: MALO | I8: MALO | J8: REGULAR | K8: BUENO | L8: REGULAR
A10: TIPODE DG | B10: Salvación de Fortaleza | C10: Salvación de Reflejos | D10: Salvación de Voluntad | E10: Puntos Hab. Base | F10: Dado de golpe | G10: Ataque Base
A11: Barbaro | B11: =INT(2+LVL/2) -> 2 | C11: =INT(0+LVL/3) -> 0 | D11: =INT(0+LVL/3) -> 0 | E11: 4 | F11: 12 | G11: =INT(LVL*1) -> 0
A12: Bardo | B12: =INT(0+LVL/3) -> 0 | C12: =INT(2+LVL/2) -> 2 | D12: =INT(2+LVL/2) -> 2 | E12: 6 | F12: 6 | G12: =INT(LVL*0.75) -> 0
A13: Clérigo | B13: =INT(2+LVL/2) -> 2 | C13: =INT(0+LVL/3) -> 0 | D13: =INT(2+LVL/2) -> 2 | E13: 2 | F13: 8 | G13: =INT(LVL*0.75) -> 0
A14: Druida | B14: =INT(2+LVL/2) -> 2 | C14: =INT(0+LVL/3) -> 0 | D14: =INT(2+LVL/2) -> 2 | E14: 4 | F14: 8 | G14: =INT(LVL*0.75) -> 0
A15: Explorador | B15: =INT(2+LVL/2) -> 2 | C15: =INT(2+LVL/2) -> 2 | D15: =INT(0+LVL/3) -> 0 | E15: 6 | F15: 8 | G15: =INT(LVL*1) -> 0
A16: Guerrero | B16: =INT(2+LVL/2) -> 2 | C16: =INT(0+LVL/3) -> 0 | D16: =INT(0+LVL/3) -> 0 | E16: 2 | F16: 10 | G16: =INT(LVL*1) -> 0
A17: Hechicero | B17: =INT(0+LVL/3) -> 0 | C17: =INT(0+LVL/3) -> 0 | D17: =INT(2+LVL/2) -> 2 | E17: 2 | F17: 4 | G17: =INT(LVL*0.5) -> 0
A18: Mago | B18: =INT(0+LVL/3) -> 0 | C18: =INT(0+LVL/3) -> 0 | D18: =INT(2+LVL/2) -> 2 | E18: 2 | F18: 4 | G18: =INT(LVL*0.5) -> 0
A19: Monje | B19: =INT(2+LVL/2) -> 2 | C19: =INT(2+LVL/2) -> 2 | D19: =INT(2+LVL/2) -> 2 | E19: 4 | F19: 8 | G19: =INT(LVL*0.75) -> 0
A20: Paladín | B20: =INT(2+LVL/2) -> 2 | C20: =INT(0+LVL/3) -> 0 | D20: =INT(0+LVL/3) -> 0 | E20: 2 | F20: 10 | G20: =INT(LVL*1) -> 0
A21: Pícaro | B21: =INT(0+LVL/3) -> 0 | C21: =INT(2+LVL/2) -> 2 | D21: =INT(0+LVL/3) -> 0 | E21: 8 | F21: 6 | G21: =INT(LVL*0.75) -> 0
A22: -
A23: Adepto | B23: =INT(0+LVL/3) -> 0 | C23: =INT(0+LVL/3) -> 0 | D23: =INT(2+LVL/2) -> 2 | E23: 2 | F23: 6 | G23: =INT(LVL*0.5) -> 0
A24: Aristócrata | B24: =INT(0+LVL/3) -> 0 | C24: =INT(0+LVL/3) -> 0 | D24: =INT(2+LVL/2) -> 2 | E24: 4 | F24: 8 | G24: =INT(LVL*0.75) -> 0
A25: Combatiente | B25: =INT(2+LVL/2) -> 2 | C25: =INT(0+LVL/3) -> 0 | D25: =INT(0+LVL/3) -> 0 | E25: 2 | F25: 10 | G25: =INT(LVL*1) -> 0
A26: Experto | B26: =INT(0+LVL/3) -> 0 | C26: =INT(0+LVL/3) -> 0 | D26: =INT(2+LVL/2) -> 2 | E26: 6 | F26: 6 | G26: =INT(LVL*0.75) -> 0
A27: Plebeyo | B27: =INT(0+LVL/3) -> 0 | C27: =INT(0+LVL/3) -> 0 | D27: =INT(0+LVL/3) -> 0 | E27: 2 | F27: 4 | G27: =INT(LVL*0.5) -> 0
M28: TS VARIABLES
A29: TIPODE DG | B29: Aberración | C29: Ajeno | D29: Animal | E29: Bestia mágica | F29: Cieno | G29: Constructo | H29: Dragón | I29: Elemental (Aire, Fuego) | J29: Elemental (Tierra, Agua) | K29: Fata | L29: Gigante | M29: Humanoide | N29: Humanoide monst. | O29: Muerto viviente | P29: Planta | Q29: Sabandija | R29: -
A30: Salvación de Fortaleza | B30: =INT(0+HDLVL/3) -> 0 | C30: =INT(2+HDLVL/2) -> 2 | D30: =INT(2+HDLVL/2) -> 2 | E30: =INT(2+HDLVL/2) -> 2 | F30: =INT(0+HDLVL/3) -> 0 | G30: =INT(0+HDLVL/3) -> 0 | H30: =INT(2+HDLVL/2) -> 2 | I30: =INT(0+HDLVL/3) -> 0 | J30: =INT(2+HDLVL/2) -> 2 | K30: =INT(0+HDLVL/3) -> 0 | L30: =INT(2+HDLVL/2) -> 2 | M30: =INT(0+HDLVL/3) -> 0 | N30: =INT(0+HDLVL/3) -> 0 | O30: =INT(0+HDLVL/3) -> 0 | P30: =INT(2+HDLVL/2) -> 2 | Q30: =INT(2+HDLVL/2) -> 2
A31: Salvación de Reflejos | B31: =INT(0+HDLVL/3) -> 0 | C31: =INT(2+HDLVL/2) -> 2 | D31: =INT(2+HDLVL/2) -> 2 | E31: =INT(2+HDLVL/2) -> 2 | F31: =INT(0+HDLVL/3) -> 0 | G31: =INT(0+HDLVL/3) -> 0 | H31: =INT(2+HDLVL/2) -> 2 | I31: =INT(2+HDLVL/2) -> 2 | J31: =INT(0+HDLVL/3) -> 0 | K31: =INT(2+HDLVL/2) -> 2 | L31: =INT(0+HDLVL/3) -> 0 | M31: =INT(0+HDLVL/3) -> 0 | N31: =INT(2+HDLVL/2) -> 2 | O31: =INT(0+HDLVL/3) -> 0 | P31: =INT(0+HDLVL/3) -> 0 | Q31: =INT(0+HDLVL/3) -> 0
A32: Salvación de Voluntad | B32: =INT(2+HDLVL/2) -> 2 | C32: =INT(2+HDLVL/2) -> 2 | D32: =INT(0+HDLVL/3) -> 0 | E32: =INT(0+HDLVL/3) -> 0 | F32: =INT(0+HDLVL/3) -> 0 | G32: =INT(0+HDLVL/3) -> 0 | H32: =INT(2+HDLVL/2) -> 2 | I32: =INT(0+HDLVL/3) -> 0 | J32: =INT(0+HDLVL/3) -> 0 | K32: =INT(2+HDLVL/2) -> 2 | L32: =INT(0+HDLVL/3) -> 0 | M32: =INT(0+HDLVL/3) -> 0 | N32: =INT(2+HDLVL/2) -> 2 | O32: =INT(2+HDLVL/2) -> 2 | P32: =INT(0+HDLVL/3) -> 0 | Q32: =INT(0+HDLVL/3) -> 0
A33: Puntos Habilidad Base | B33: 2 | C33: 8 | D33: 2 | E33: 2 | F33: 2 | G33: 2 | H33: 6 | I33: 2 | J33: 2 | K33: 6 | L33: 2 | M33: 2 | N33: 2 | O33: 4 | P33: 2 | Q33: 2
A34: Dado de Golpe | B34: 8 | C34: 8 | D34: 8 | E34: 10 | F34: 10 | G34: 10 | H34: 12 | I34: 8 | J34: 8 | K34: 6 | L34: 8 | M34: 8 | N34: 8 | O34: 12 | P34: 8 | Q34: 8
A35: Ataque Base | B35: =INT(HDLVL*0.75) -> 0 | C35: =INT(HDLVL*1) -> 0 | D35: =INT(HDLVL*0.75) -> 0 | E35: =INT(HDLVL*1) -> 0 | F35: =INT(HDLVL*0.75) -> 0 | G35: =INT(HDLVL*0.75) -> 0 | H35: =INT(HDLVL*1) -> 0 | I35: =INT(HDLVL*0.75) -> 0 | J35: =INT(HDLVL*0.75) -> 0 | K35: =INT(HDLVL*0.5) -> 0 | L35: =INT(HDLVL*0.75) -> 0 | M35: =INT(HDLVL*0.75) -> 0 | N35: =INT(HDLVL*1) -> 0 | O35: =INT(HDLVL*0.5) -> 0 | P35: =INT(HDLVL*0.75) -> 0 | Q35: =INT(HDLVL*0.75) -> 0
B36: REGULAR | C36: BUENO | D36: REGULAR | E36: BUENO | F36: REGULAR | G36: REGULAR | H36: BUENO | I36: REGULAR | J36: REGULAR | K36: MALO | L36: REGULAR | M36: REGULAR | N36: BUENO | O36: MALO | P36: REGULAR | Q36: REGULAR
A38: TIPODE DG | B38: Salvación de Fortaleza | C38: Salvación de Reflejos | D38: Salvación de Voluntad | E38: Puntos Hab. Base | F38: Dado de Golpe | G38: Ataque Base
A39: Aberración | B39: =INT(0+HDLVL/3) -> 0 | C39: =INT(0+HDLVL/3) -> 0 | D39: =INT(2+HDLVL/2) -> 2 | E39: 2 | F39: 8 | G39: =INT(HDLVL*0.75) -> 0
A40: Ajeno | B40: =INT(2+HDLVL/2) -> 2 | C40: =INT(2+HDLVL/2) -> 2 | D40: =INT(2+HDLVL/2) -> 2 | E40: 8 | F40: 8 | G40: =INT(HDLVL*1) -> 0
A41: Animal | B41: =INT(2+HDLVL/2) -> 2 | C41: =INT(2+HDLVL/2) -> 2 | D41: =INT(0+HDLVL/3) -> 0 | E41: 2 | F41: 8 | G41: =INT(HDLVL*0.75) -> 0
A42: Bestia mágica | B42: =INT(2+HDLVL/2) -> 2 | C42: =INT(2+HDLVL/2) -> 2 | D42: =INT(0+HDLVL/3) -> 0 | E42: 2 | F42: 10 | G42: =INT(HDLVL*1) -> 0
A43: Cieno | B43: =INT(0+HDLVL/3) -> 0 | C43: =INT(0+HDLVL/3) -> 0 | D43: =INT(0+HDLVL/3) -> 0 | E43: 2 | F43: 10 | G43: =INT(HDLVL*0.75) -> 0
A44: Constructo | B44: =INT(0+HDLVL/3) -> 0 | C44: =INT(0+HDLVL/3) -> 0 | D44: =INT(0+HDLVL/3) -> 0 | E44: 2 | F44: 10 | G44: =INT(HDLVL*0.75) -> 0
A45: Dragón | B45: =INT(2+HDLVL/2) -> 2 | C45: =INT(2+HDLVL/2) -> 2 | D45: =INT(2+HDLVL/2) -> 2 | E45: 6 | F45: 12 | G45: =INT(HDLVL*1) -> 0
A46: Elemental (Aire, Fuego) | B46: =INT(0+HDLVL/3) -> 0 | C46: =INT(2+HDLVL/2) -> 2 | D46: =INT(0+HDLVL/3) -> 0 | E46: 2 | F46: 8 | G46: =INT(HDLVL*0.75) -> 0
A47: Elemental (Tierra, Agua) | B47: =INT(2+HDLVL/2) -> 2 | C47: =INT(0+HDLVL/3) -> 0 | D47: =INT(0+HDLVL/3) -> 0 | E47: 2 | F47: 8 | G47: =INT(HDLVL*0.75) -> 0
A48: Fata | B48: =INT(0+HDLVL/3) -> 0 | C48: =INT(2+HDLVL/2) -> 2 | D48: =INT(2+HDLVL/2) -> 2 | E48: 6 | F48: 6 | G48: =INT(HDLVL*0.5) -> 0
A49: Gigante | B49: =INT(2+HDLVL/2) -> 2 | C49: =INT(0+HDLVL/3) -> 0 | D49: =INT(0+HDLVL/3) -> 0 | E49: 2 | F49: 8 | G49: =INT(HDLVL*0.75) -> 0
A50: Humanoide | B50: =INT(0+HDLVL/3) -> 0 | C50: =INT(0+HDLVL/3) -> 0 | D50: =INT(0+HDLVL/3) -> 0 | E50: 2 | F50: 8 | G50: =INT(HDLVL*0.75) -> 0
A51: Humanoide monst. | B51: =INT(0+HDLVL/3) -> 0 | C51: =INT(2+HDLVL/2) -> 2 | D51: =INT(2+HDLVL/2) -> 2 | E51: 2 | F51: 8 | G51: =INT(HDLVL*1) -> 0
A52: Muerto viviente | B52: =INT(0+HDLVL/3) -> 0 | C52: =INT(0+HDLVL/3) -> 0 | D52: =INT(2+HDLVL/2) -> 2 | E52: 4 | F52: 12 | G52: =INT(HDLVL*0.5) -> 0
A53: Planta | B53: =INT(2+HDLVL/2) -> 2 | C53: =INT(0+HDLVL/3) -> 0 | D53: =INT(0+HDLVL/3) -> 0 | E53: 2 | F53: 8 | G53: =INT(HDLVL*0.75) -> 0
A54: Sabandija | B54: =INT(2+HDLVL/2) -> 2 | C54: =INT(0+HDLVL/3) -> 0 | D54: =INT(0+HDLVL/3) -> 0 | E54: 2 | F54: 8 | G54: =INT(HDLVL*0.75) -> 0
A55: - | C55: =INT(0+HDLVL/3) -> 0
A58: TAMAÑO | B58: FUE | C58: DES | D58: CON | E58: Armadura Natural | F58: CA/Ataque | G58: Presa | H58: Carga Transpor. | I58: Modificador Esconderse
A59: Minúsculo | B59: -10 | C59: +8 | D59: -2 | E59: 0 | F59: +8 | G59: -16 | H59: 0,125 | I59: +16
A60: Diminuto | B60: -10 | C60: +6 | D60: -2 | E60: 0 | F60: +4 | G60: -12 | H60: 0,25 | I60: +12
A61: Menudo | B61: -8 | C61: +4 | D61: -2 | E61: 0 | F61: +2 | G61: -8 | H61: 0,5 | I61: +8
A62: Pequeño | B62: -4 | C62: +2 | D62: -2 | E62: 0 | F62: +1 | G62: -4 | H62: 0,75 | I62: +4
A63: Mediano | B63: 0 | C63: 0 | D63: 0 | E63: 0 | F63: 0 | G63: 0 | H63: 1 | I63: 0
A64: Grande | B64: +8 | C64: -2 | D64: +4 | E64: +2 | F64: -1 | G64: +4 | H64: 2 | I64: -4
A65: Enorme | B65: +16 | C65: -4 | D65: +8 | E65: +5 | F65: -2 | G65: +8 | H65: 4 | I65: -8
A66: Gargantuesco | B66: +24 | C66: -4 | D66: +12 | E66: +9 | F66: -4 | G66: +12 | H66: 8 | I66: -12
A67: Colosal | B67: +32 | C67: -4 | D67: +16 | E67: +14 | F67: -8 | G67: +16 | H67: 16 | I67: -16
A70: Fuerza | B70: Carga ligera | C70: Carga intermedia | D70: Carga Pesada | E70: 4 | F70: 5 | G70: 6 | H70: 7 | I70: 8 | J70: 9 | K70: 10 | L70: 11 | M70: 12 | N70: 13 | O70: 14 | P70: 15 | Q70: 16 | R70: 17 | S70: 18 | T70: 19 | U70: 20 | V70: 21 | W70: 22 | X70: 23 | Y70: 24 | Z70: 25 | AA70: 26 | AB70: 27 | AC70: 28 | AD70: 29 | AE70: 30 | AF70: 31 | AG70: 32 | AH70: 33 | AI70: 34 | AJ70: 35 | AK70: 36 | AL70: 37 | AM70: 38 | AN70: 39 | AO70: 40
A71: 0 | B71: 0 | C71: 0 | D71: 0
A72: 1 | B72: 3 | C72: 6 | D72: 10 | E72: 13 | F72: 16 | G72: 20 | H72: 23 | I72: 26 | J72: 30 | K72: 33 | L72: 38 | M72: 43 | N72: 50 | O72: 58 | P72: 66 | Q72: 76 | R72: 86 | S72: 100 | T72: 116 | U72: 133 | V72: 153 | W72: 173 | X72: 200 | Y72: 233 | Z72: 266 | AA72: 306 | AB72: 346 | AC72: 400 | AD72: 466 | AE72: 533 | AF72: 613 | AG72: 692 | AH72: 800 | AI72: 932 | AJ72: 1064 | AK72: 1224 | AL72: 1384 | AM72: 1600 | AN72: 1864 | AO72: 2132
A73: 2 | B73: 6 | C73: 13 | D73: 20 | E73: 26 | F73: 33 | G73: 40 | H73: 46 | I73: 53 | J73: 60 | K73: 66 | L73: 76 | M73: 86 | N73: 100 | O73: 116 | P73: 133 | Q73: 153 | R73: 173 | S73: 200 | T73: 233 | U73: 266 | V73: 306 | W73: 346 | X73: 400 | Y73: 466 | Z73: 533 | AA73: 613 | AB73: 693 | AC73: 800 | AD73: 933 | AE73: 1064 | AF73: 1224 | AG73: 1384 | AH73: 1600 | AI73: 1864 | AJ73: 2132 | AK73: 2452 | AL73: 2772 | AM73: 3200 | AN73: 3732 | AO73: 4256
A74: 3 | B74: 10 | C74: 20 | D74: 30 | E74: 40 | F74: 50 | G74: 60 | H74: 70 | I74: 80 | J74: 90 | K74: 100 | L74: 115 | M74: 130 | N74: 150 | O74: 175 | P74: 200 | Q74: 230 | R74: 260 | S74: 300 | T74: 350 | U74: 400 | V74: 460 | W74: 520 | X74: 600 | Y74: 700 | Z74: 800 | AA74: 920 | AB74: 1040 | AC74: 1200 | AD74: 1400 | AE74: 1600 | AF74: 1840 | AG74: 2080 | AH74: 2400 | AI74: 2800 | AJ74: 3200 | AK74: 3680 | AL74: 4160 | AM74: 4800 | AN74: 5600 | AO74: 6400
A75: 4 | B75: 13 | C75: 26 | D75: 40
A76: 5 | B76: 16 | C76: 33 | D76: 50
A77: 6 | B77: 20 | C77: 40 | D77: 60
A78: 7 | B78: 23 | C78: 46 | D78: 70
A79: 8 | B79: 26 | C79: 53 | D79: 80
A80: 9 | B80: 30 | C80: 60 | D80: 90
A81: 10 | B81: 33 | C81: 66 | D81: 100
A82: 11 | B82: 38 | C82: 76 | D82: 115
A83: 12 | B83: 43 | C83: 86 | D83: 130
A84: 13 | B84: 50 | C84: 100 | D84: 150
A85: 14 | B85: 58 | C85: 116 | D85: 175
A86: 15 | B86: 66 | C86: 133 | D86: 200
... A101: 30 | B101: 533 | C101: 1064 | D101: 1600
A102: 31 | B102: 613 | C102: 1224 | D102: 1840
A103: 32 | B103: 692 | C103: 1384 | D103: 2080
A104: 33 | B104: 800 | C104: 1600 | D104: 2400
A105: 34 | B105: 932 | C105: 1864 | D105: 2800
A106: 35 | B106: 1064 | C106: 2132 | D106: 3200
A107: 36 | B107: 1224 | C107: 2452 | D107: 3680
A108: 37 | B108: 1384 | C108: 2772 | D108: 4160
A109: 38 | B109: 1600 | C109: 3200 | D109: 4800
A110: 39 | B110: 1864 | C110: 3732 | D110: 5600
A111: 40 | B111: 2132 | C111: 4256 | D111: 6400
A114: Nivel de personaje | B114: Puntos de experiencia | C114: Dotes | D114: Incremento de característica | E114: Dotes Guerrero | F114: Experiencia/nvl
A115: 0 | B115: 0 | C115: 1 | D115: 0 | E115: 1 | F115: 0
A116: 1 | B116: 500 | C116: 1 | D116: 0 | E116: 1 | F116: 500
A117: 2 | B117: 1000 | C117: 1 | D117: 0 | E117: 2 | F117: 1000
A118: 3 | B118: 3000 | C118: 2 | D118: 0 | E118: 2 | F118: 2000
A119: 4 | B119: 6000 | C119: 2 | D119: 1 | E119: 3 | F119: 3000
A120: 5 | B120: 10000 | C120: 2 | D120: 1 | E120: 3 | F120: 4000
A121: 6 | B121: 15000 | C121: 3 | D121: 1 | E121: 4 | F121: 5000
A122: 7 | B122: 21000 | C122: 3 | D122: 1 | E122: 4 | F122: 6000
...

Sheet Equipo mundano
A1: Contenedores
A3: Objeto | B3: Peso | C3: Capacidad | D3: Precio | E3: Beneficio | F3: Específico
A4: Barril | B4: 30 | C4: 120 | D4: 2po
A5: Bolsa (para el cinto) | B5: 0.5 | C5: 6 | D5: 1po
A6: Cofre | B6: 25 | C6: 100 | D6: 2po
A7: No Mochila | B7: 0 | C7: 0 | D7: 0pc
A8: Mochila | B8: 2 | C8: 50 | D8: 2po | E8: Posible atar Petate, Cuerda y otros.
A9: Mochila Gran calidad | B9: 3 | C9: 75 | D9: 100po | E9: Posible atar Petate, Cuerda, Tienda de Campaña y +1 Fue a llevar equipo
A10: Mochila Militar | B10: 4 | C10: 100 | D10: 500po | E10: Posible desenfundar 4 armas como acción gratuita y +2 Fue a llevar equipo
A11: Odre | B11: 4 | C11: 8 | D11: 1po | F11: 4 usos/1lb uso
A12: Saco | B12: 0.5 | C12: 50 | D12: 1pp
A13: Bolsa para componentes de conjuro | B13: 2 | C13: 12 | D13: 5po

Sheet Notas
A1: Notas:
